"phrasesId","original"
"ok","OK"
"cancel","Cancel"
"accept","Accept"
"decline","Decline"
"back","Back"
"next","Next"
"hotkey","hot key: "
"remove","Remove"
"close","Close"
"title_screen_exit","exit"
"title_screen_settings","settings"
"title_screen_credits","credits"
"title_screen_kingdom_of","The Kingdom of"
"title_screen_continue_game","Continue"
"title_screen_new_game","New Game"
"title_screen_load_game","Load Game"
"title_screen_quick_start","Quick Start"
"title_screen_patch_notes","Show Patch Notes"
"opt_title","Help us make Stonehearth better!"
"opt_text","Will you allow us to collect anonymous performance and gameplay data to help us tune future versions of the game?"
"opt_in_button","Yes, I'll help"
"opt_out_button","Nah"
"opt_thanks","Thanks!"
"save_delete","Delete"
"save_overwrite","Overwrite"
"save_new","New Save"
"load_game","Load Game"
"loading","Loading..."
"game_different_version","incompatible save version"
"settings_title","Settings"
"settings_graphics","Graphics"
"settings_card","Display Adapter: "
"settings_gfx_cardinfo","__gpuRenderer__ (__gpuDriver__)"
"settings_gfx_enable_shadows","Enable Shadows"
"settings_gfx_enable_vsync","Enable Vertical Sync"
"settings_gfx_enable_fullscreen","Fullscreen (Requires Restart)"
"settings_gfx_msaa","Anti-Aliasing Level (Requires Restart)"
"settings_gfx_shadows","Shadow Detail"
"settings_gfx_drawdistance","Draw Distance"
"settings_gfx_fasthilite","Fast Selection Effect"
"settings_gfx_enable_ssao","Enable Ambient Occlusion"
"settings_shadow_0","off"
"settings_shadow_1","just a touch"
"settings_shadow_2","a little"
"settings_shadow_3","a little more"
"settings_shadow_4","a lot"
"settings_shadow_5","a whole lot!"
"settings_aa_slider_0","off"
"settings_aa_slider_1","a little"
"settings_aa_slider_2","a little more"
"settings_aa_slider_3","a lot"
"settings_aa_slider_4","a whole lot!"
"settings_sound","Sound"
"settings_background_music_volume","Music Volume"
"settings_effects_volume","Effects Volume"
"new_game_embark_button","Embark!"
"new_game_founding_charter","Founder's Manual"
"new_game_founding_charter_help","First, find a suitable spot for your new home. Pick a spot with easy access to:<p><ol><li><b>Food!</b> Wild berries often grow in the forest.<li><b>Lumber!</b> You'll need wood to do just about anything.</ol>When you're ready, click the banner then place it where you would like to settle."
"new_game_setup_base_camp","Setup your base camp"
"new_game_settlement_name_title","Name your settlement"
"new_game_settlement_name_prompt","Type a name for your settlement!"
"new_game_setup_base_camp_help","You'll need somewhere to store your supplies. Make a small stockpile.<ol><li>Click on the bouncing crate.<li>Drag out a region on the ground.<li>Don't make it too big, you can make more stockpiles later.</li></ol>"
"new_game_setup_finished","Onward!"
"new_game_setup_finished_help","The rest is up to you. Start by gathering wood and stone resources, then building a workshop."
"new_game_place_banner","Click me to place your town banner"
"new_game_place_stockpile","Click me to place your stockpile"
"new_game_setup_finished_button","Ok, got it"
"plains_1","Plains"
"plains_2","Plains"
"foothills_1","Foothills"
"foothills_2","Foothills"
"mountains_1","Mountains"
"mountains_2","Mountains"
"mountains_3","Mountains"
"mountains_4","Mountain Peak"
"mountains_5","Mountain Peak"
"mountains_6","Mountain Peak"
"mountains_7","Mountain Peak"
"vegetation_0","Nary a weed"
"vegetation_1","Sparse"
"vegetation_2","Average"
"vegetation_3","Dense"
"vegetation_4","Lush"
"vegetation_5","Ridiculously Lush"
"wildlife_0","Desolate"
"wildlife_1","Scarce"
"wildlife_2","Common"
"wildlife_3","Plentiful"
"wildlife_4","Abundant"
"esc_menu_resume","Resume"
"esc_menu_save","Save Game"
"esc_menu_load","Load Game"
"esc_menu_options","Options"
"esc_menu_quit_to_menu","Quit to Main Menu"
"esc_menu_exit_game","Exit Game"
"embark_title","Click the map to choose your settlement's location"
"embark_at_this_location","Embark here!"
"embark_clear_selection","Choose another location"
"embark_regenerate_map","Roll new map"
"loading_map","Generating World"
"loading_map_1","sharpening right angles..."
"loading_map_2","decompressing voxels..."
"loading_map_3","synthesizing fauna..."
"loading_map_4","redistubuting redistrubutables..."
"loading_map_5","terracing terrain..."
"loading_map_6","stocking piles..."
"loading_map_7","inflating trees..."
"loading_map_8","rising sun..."
"loading_map_9","floating clouds..."
"loading_map_10","burlying hands..."
"loading_map_11","bushing berries..."
"loading_map_12","confabulating childhood..."
"loading_map_13","resolving determinism..."
"loading_map_14","cubulating companionship..."
"loading_map_15","existentializing dilemmas..."
"loading_map_16","improvising morals..."
"loading_map_17","splining reticulators.."
"loading_map_18","diversifying gender..."
"loading_map_19","homogenizing motivation..."
"loading_map_20","deriving history..."
"loading_map_21","indexing bugs..."
"loading_map_22","compiling truth..."
"loading_map_23","recollecting marbles..."
"loading_map_24","effecting mass..."
"loading_map_25","experiencing higher math..."
"loading_map_26","proliferating flowers..."
"loading_map_27","escaping realism..."
"loading_map_28","positioning plushies..."
"loading_map_29","regulating hairbobs..."
"hint_camera_pan_title","To move the camera"
"hint_camera_pan_1","Hold down the space bar, then move the mouse"
"hint_camera_pan_2","Or just use the WASD keys"
"hint_camera_orbit_title","To rotate the camera"
"hint_camera_orbit_1","Right click and drag to rotate the camera"
"hint_camera_orbit_2","Q and E work too"
"hint_camera_zoom_title","To zoom in and out"
"hint_camera_zoom","Use the mouse scroll wheel"
"character_sheet_title","Character Info"
"health","health"
"morale","morale"
"experience","experience"
"max_level","Max Level!!!"
"level_abbreviation","Lvl"
"locked_status"," (Locked)"
"apprentice","Apprentice"
"journal","Journal"
"attributes","Attributes"
"equipment","Equipment"
"abilities","Job Abilities"
"happiness","Morale"
"overall_happiness","Overall Morale"
"happiness_nutrition","Nutrition"
"happiness_shelter","Shelter"
"happiness_safety","Safety"
"stockpile_all","All"
"stockpile_none","None"
"stockpile_help","Click the icons to choose what to store in this stockpile."
"stockpile_resources","Resources"
"stockpile_construction","Construction"
"stockpile_goods","Tools & Goods"
"stockpile_gear","Weapons & Armor"
"stockpile_food_and_drink","Food & Drink"
"stockpile_wealth","Wealth"
"stockpile_tooltip_wood","wood"
"stockpile_tooltip_stone","stone"
"stockpile_tooltip_ore","ore"
"stockpile_tooltip_animal_part","animal parts"
"stockpile_tooltip_plant","plants"
"stockpile_tooltip_portal","doors & windows"
"stockpile_tooltip_furniture","furniture"
"stockpile_tooltip_defense","defenses"
"stockpile_tooltip_light","torches & lights"
"stockpile_tooltip_decoration","decorations"
"stockpile_tooltip_refined_cloth","thread & cloth"
"stockpile_tooltip_refined_animal_part","goods produced from bits of animals"
"stockpile_tooltip_refined_ore","metal bars"
"stockpile_tooltip_melee_weapon","melee weapons"
"stockpile_tooltip_ranged_weapon","ranged weapons"
"stockpile_tooltip_light_armor","light armor"
"stockpile_tooltip_heavy_armor","heavy armor"
"stockpile_tooltip_exotic_gear","exotic gear"
"stockpile_tooltip_fruit","fruits & veggies"
"stockpile_tooltip_baked","baked goods"
"stockpile_tooltip_meat","meats"
"stockpile_tooltip_drink","tasty beverages"
"stockpile_tooltip_gold","gold"
"stockpile_tooltip_gem","gems and trophies"
"farm_crop_rotation","Crop Rotation"
"farm_manually_place_crops","Manually Place Crops"
"farm_auto_harvest","Harvest placed crops automatically"
"farm_auto_replant","Replant placed crops automatically"
"farm_pick_crop","Choose a crop"
"trapping_grounds_help","Trappers will place traps in a trapping grounds and will periodically check to see if anything has been caught."
"trapping_grounds_disable","Suspend Trapping"
"trapping_grounds_enable","Resume Trapping"
"show_workshop_description","Owned by "
"craft_number_left","Craft"
"craft_number_right","right now."
"craft_up_to_left","Maintain"
"craft_up_to_right","in stockpile."
"craft_ingredients","Ingredients:"
"unlock_text","To Unlock:"
"crafting_status","crafting..."
"workshop_paused_status","paused..."
"workshop_remove_confirm","Remove?"
"workshop_open","Open!"
"workshop_closed","Closed"
"maintain_option_disabled","Build a stockpile to unlock more crafting options!"
"build_workshop","Build Workshop"
"build_workshop_requirements","Requirements"
"build_workshop_create_stockpile","Crafter's Stockpile"
"build_workshop_create_stockpile_description","The crafter will store crafted goods in this stockpile.<p>You probably want to place it near the workbench, but hey, it's your decision."
"promote_scroll_title","Promotion to "
"promote_scroll_text_1","In honor of steadfast efforts and resilience, we hereby advance"
"promote_scroll_choose","choose a citizen..."
"promote_scroll_text_2","this day of, __date__"
"promote_scroll_approve","APPROVE"
"promote_scroll_approved","APPROVED"
"promote_scroll_denied","DENIED! Requirements not met"
"item_placement_title","Click to place this item"
"item_placement_description","Rotate with , and . keys"
"item_placement_no_entities","There is nothing to place!"
"item_movement_title","Move Item"
"item_movement_description","Click to move this item elsewhere.<p>Rotate the item with the , and . keys"
"build_ladder_title","Click on a wall to build ladders"
"build_ladder_description","Click to manually place a ladder to access hard to reach areas.<br><br>Right click to exit"
"harvest_resource_tip_title","Click and drag to harvest resources"
"harvest_resource_tip_description","Right click to exit this mode"
"stockpile_tip_title","Click and drag to create your stockpile"
"stockpile_tip_description","Right click to exit this mode"
"field_tip_title","Click and drag to designate a new field"
"field_tip_description","Farmers will break ground and plant crops here"
"trapper_zone_tip_title","Click and drag to create trapping grounds"
"trapper_zone_tip_description","Trappers catch critters for food and resources in this zone"
"mining_zone_tip_title","Click and drag to create a mining zone"
"mining_zone_tip_description","Right click to exit"
"wall_segment_tip_title","Click to place freestanding wall segments"
"wall_segment_tip_description","Hold down SHIFT while clicking to draw connected walls"
"build_floor_tip_title","Click and drag to build floor"
"build_floor_tip_description","Right click to exit"
"erase_floor_tip_title","Click and drag to erase floor"
"erase_floor_tip_description","Right click to exit"
"roof_tip_title","Click a walled floorplan to place the roof"
"roof_tip_description","Right click to exit"
"raise_walls_tip_title","Click a floorplan to add walls"
"raise_walls_tip_description","Right click to exit"
"doodad_tip_title","Click a wall to place the door or window"
"doodad_tip_description","Right click to exit"
"beleaguered_leader","Beleaguered Leader"
"hopeless_optimist","Hopeless Optimist"
"lovable_rogue","Loveable Rogue"
"psychopathic_misanthrope","Psychopathic Misanthrope"
"insufferable_academic","Insufferable Academic"
"diligent_sweetheart","Diligent Sweetheart"
"diligence_attribute","Diligence"
"curiosity_attribute","Curiosity"
"inventiveness_attribute","Inventiveness"
"muscle_attribute","Muscle"
"speed_attribute","Speed"
"stamina_attribute","Stamina"
"courage_attribute","Courage"
"willpower_attribute","Willpower"
"compassion_attribute","Compassion"
"citizens_promote","Promote Settler"
"crafters_place_workshop","Place Workshop"
"crafters_show_workshop","Show Workshop"
"citizens_choose_job_title","Choose a Job"
"citizens_choose_job_subtitle","Available Jobs"
"citizens_confirm_job_title","Choose a Job"
"citizens_choose_job_description","Here are the jobs available to your citizens. Craft tools to unlock new jobs!"
"backpack_title","Backpack"
"backpack_description","The backpack can hold items for safe-keeping while you're away from town."
"backpack_full","FULL!"
"building_vision","Change vision mode"
"building_vision_description","Change the visibility of building walls, allowing you to see inside them."
"pause_title","Pause Game"
"pause_description","Pause the game if it's running."
"play_title","Play Game"
"play_description","Make the game run at normal speed."
"ff_title","Fast Forward"
"ff_description","Make the game run at 2x speed."
"town_description","The __descriptor__ __noun__ of"
"camp","Camp"
"settlement","Settlement"
"hamlet","Hamlet"
"village","Village"
"town","Town"
"county","County"
"kingdom","Kingdom"
"empire","Empire"
"building_designer_material","Material"
"building_designer_floor_tool","floor"
"building_designer_fill_wall_tool","walls"
"building_designer_roof_tool","roof"
"building_designer_door_tool","doodads"
"building_designer_edit_tool","edit"
"building_designer_draw_floorplan_help","Pick the draw tool and a material. Then, drag out boxes to define your building's floorplan."
"building_designer_erect_walls","Erect Walls"
"building_designer_erect_walls_help","Raise walls around an existing floorplan or draw freestanding walls."
"building_designer_raise_roof","Raise Roof"
"building_designer_roof_shape","Slope, Direction, & Size"
"building_designer_raise_roof_help","Select a roof type, materials, and customization options. Click on a walled floorplan to add the roof to that plan."
"building_designer_doodads","Add Doors, Windows, & Doodads"
"building_designer_doodads_help","Pick the placement tool and an appropriate embellishment and add it to an existing floorplan."
"building_designer_edit","Edit"
"building_designer_edit_help","Select a building part to change its properties."
"building_designer_draw_edit","Edit Building Parts"
"building_designer_undo","undo"
"0_score","Wretched"
"1_score","Miserable"
"2_score","Dejected"
"3_score","Listless"
"4_score","Fair"
"5_score","Good"
"6_score","Contented"
"7_score","Merry"
"8_score","Joyous"
"9_score","Buoyant"
"10_score","Incandescent"
"town_net_worth","Net worth"
"town_overall_happiness","Overall Happiness"
"town_food_happiness","Food"
"town_shelter_happiness","Shelter"
"town_overview","Town Overview"
"town_happiness_tab","Journal"
"journal_today","Today"
"journal_town_log","Town Log"
"journal_praises","Praises"
"journal_gripes","Gripes"
"praise_empty","Nothing praiseworthy happened today."
"gripe_empty","Whoa. I guess nobody has anything to gripe about."
"bulletin_dialog_title","New Message"
"red_alert","Red Alert!"
"red_alert_text","Your workers have stopped their jobs and are vigilantly watching for intruduers."
"start_building","Start Building"
"pause_building","Pause Building"
"save_building_template","Save Template"
